EVITEST/EVIPLAN,2202
IN TIME,2053
PENTCROFT,1509
GALLANT,1508
REFLEX,1507
SAGAMI,1506
EROS,1505
LIFESTYLES,1504
ARLETTE,1503
SIMPLEX,1502
VIZIT,1451
SITABELLA,1450
KIMONO,1449
GANZO,1448
LUXE,1447
OKAMOTO,1446
Sico,1252
Nurofen Adults,1237
Tiret,780
Airwick,779
Vanish CC,778
Finish,777
Lanza,776
Cillit Bang,775
Dosia,774
Cillit,773
Vanish FT,772
Calgon,770
Harpic,769
Lemsip,23
Veet,22
Clearasil,21
Strepsils,20
Nurofen,19
Gaviscon,18
Шприцы,17
Перчатки,16
Маски,15
Бахилы,14
Silkofix,13
Evisonic,12
Silkoplast,11
Scholl,10
Sanitaplast,9
Other Condoms,8
Fullmarks,7
Evitest,6
Eviplan,5
Durex,4
Dettol,3
Contex,2
Attest,1
